{"tokens":{"2c":[[23740,2,64],[23741,2,64],[23742,2,64],[23743,2,64],[23759,2,64],[23760,2,64],[23761,2,64],[23762,2,64],[23778,2,64],[23779,2,64],[23780,2,64],[23781,2,64],[23797,2,64],[23798,2,64],[23799,2,64],[23800,2,64],[23816,2,64],[23817,2,64],[23818,2,64],[23819,2,64],[23835,2,64],[23836,2,64],[23837,2,64],[23838,2,64],[23854,2,64],[23855,2,64],[23856,2,64],[23857,2,64],[23898,2,64],[23899,2,64],[23900,2,64],[23902,2,64],[23917,2,64],[23918,2,64],[23919,2,64],[23920,2,64],[23929,2,64],[23930,2,64],[23931,2,64],[23932,2,64],[23962,2,64],[23963,2,64],[23964,2,64],[23965,2,64],[23982,2,64],[23983,2,64],[23984,2,64],[23985,2,64],[24001,2,64],[24002,2,64],[24003,2,64],[24004,2,64],[24021,2,64],[24022,2,64],[24023,2,64],[24024,2,64],[24040,2,64],[24041,2,64],[24042,2,64],[24043,2,64],[24073,2,64],[24074,2,64],[24076,2,64],[24077,2,64],[24100,2,64],[24101,2,64],[24102,2,64],[24103,2,64],[24126,2,64],[24127,2,64],[24128,2,64],[24129,2,64],[24152,2,64],[24153,2,64],[24154,2,64],[24155,2,64],[24178,2,64],[24179,2,64],[24180,2,64],[24181,2,64],[24203,2,64],[24204,2,64],[24205,2,64],[24206,2,64],[24229,2,64],[24230,2,64],[24231,2,64],[24232,2,64],[24255,2,64],[24256,2,64],[24257,2,64],[24258,2,64],[24269,2,64],[24270,2,64],[24271,2,64],[24272,2,64],[24283,2,64],[24284,2,64],[24285,2,64],[24286,2,64],[33710,2,64],[33711,2,64],[33712,2,64],[33713,2,64],[34017,2,64],[34018,2,64],[34019,2,64],[34020,2,64]],"2c-0.000013":[[10598,2,64],[31129,2,64]],"2c-0.000014":[[32458,2,64],[32466,2,64]],"2c-1.468600":[[31143,2,64]],"2c-1.486750":[[31110,2,64]],"2c-1.502200":[[528,2,64]],"2c-1.502250":[[11822,2,64]],"2c-1.530850":[[27958,2,64]],"2c-1.536700":[[31162,2,64]],"2c-1.540350":[[31152,2,64]],"2c10":[[31152,2,64]],"2c10.92":[[27958,2,64]],"2c11":[[528,2,64],[11822,2,64],[31110,2,64],[31143,2,64],[31162,2,64]],"2c11.33":[[10598,2,64]],"2c14.95":[[31129,2,64]],"2c16.69":[[32466,2,64]],"2c16.79":[[32458,2,64]],"2c208827.253075841":[[26575,2,64]],"2c209247.552766306":[[26582,2,64]],"2c210048.933373493":[[26590,2,64]],"2c228144.813481694":[[26584,2,64],[26587,2,64],[26593,2,64],[26596,2,64],[26599,2,64],[26602,2,64],[26605,2,64],[26608,2,64],[26611,2,64],[26614,2,64],[26617,2,64],[26620,2,64],[26623,2,64],[26626,2,64]],"2c314898.070620154":[[26584,2,64],[26587,2,64],[26593,2,64],[26596,2,64],[26599,2,64],[26602,2,64],[26605,2,64],[26608,2,64],[26611,2,64],[26614,2,64],[26617,2,64],[26620,2,64],[26623,2,64],[26626,2,64]],"2c319515.518889336":[[26582,2,64]],"2c327564.604862443":[[26590,2,64]],"2c328534.607202161":[[26575,2,64]],"2c330262.399230419":[[26590,2,64]],"2c331695.258928813":[[26582,2,64]],"2c333525.068848858":[[26575,2,64]],"2c334022.66653137":[[26584,2,64],[26587,2,64],[26593,2,64],[26596,2,64],[26599,2,64],[26602,2,64],[26605,2,64],[26608,2,64],[26611,2,64],[26614,2,64],[26617,2,64],[26620,2,64],[26623,2,64],[26626,2,64]],"2c38edfc12ad4fce9e9c94fe0a436900":[[19866,2,64],[19867,2,64],[19868,2,64],[19869,2,64]],"2c62fc06d99f4e6e80d9c4d2d014d9d2":[[36101,2,64],[36102,2,64],[36103,2,64],[36104,2,64]],"2c77d8dcb5524f44a33a0f925b1f4877":[[16678,2,64],[16679,2,64],[16680,2,64],[16681,2,64]],"2c8a3c2bac514752ae2e9066ca5d8b52":[[26974,2,64],[26975,2,64],[26976,2,64],[26977,2,64],[26978,2,64],[26979,2,64],[26980,2,64],[26981,2,64],[26982,2,64]],"2c8d1e9501504d8881d2c16cede46d80":[[26067,2,64],[26068,2,64],[26069,2,64],[26070,2,64]],"2cbb55663abd4490a5cfb100dfa300e6":[[6502,2,64],[6503,2,64],[6504,2,64],[6505,2,64],[6506,2,64],[6507,2,64],[6508,2,64],[6509,2,64],[6510,2,64]],"2ced9a3a2462432a92c31226e3cd3aa5":[[23445,2,64],[23446,2,64],[23447,2,64],[23448,2,64],[23449,2,64],[23450,2,64],[23451,2,64],[23452,2,64],[23453,2,64]]}}
