{"tokens":{"2c":[[23705,2,64],[23706,2,64],[23707,2,64],[23708,2,64],[23724,2,64],[23725,2,64],[23726,2,64],[23727,2,64],[23743,2,64],[23744,2,64],[23745,2,64],[23746,2,64],[23762,2,64],[23763,2,64],[23764,2,64],[23765,2,64],[23781,2,64],[23782,2,64],[23783,2,64],[23784,2,64],[23800,2,64],[23801,2,64],[23802,2,64],[23803,2,64],[23819,2,64],[23820,2,64],[23821,2,64],[23822,2,64],[23863,2,64],[23864,2,64],[23865,2,64],[23867,2,64],[23882,2,64],[23883,2,64],[23884,2,64],[23885,2,64],[23894,2,64],[23895,2,64],[23896,2,64],[23897,2,64],[23927,2,64],[23928,2,64],[23929,2,64],[23930,2,64],[23947,2,64],[23948,2,64],[23949,2,64],[23950,2,64],[23966,2,64],[23967,2,64],[23968,2,64],[23969,2,64],[23986,2,64],[23987,2,64],[23988,2,64],[23989,2,64],[24005,2,64],[24006,2,64],[24007,2,64],[24008,2,64],[24038,2,64],[24039,2,64],[24041,2,64],[24042,2,64],[24065,2,64],[24066,2,64],[24067,2,64],[24068,2,64],[24091,2,64],[24092,2,64],[24093,2,64],[24094,2,64],[24117,2,64],[24118,2,64],[24119,2,64],[24120,2,64],[24143,2,64],[24144,2,64],[24145,2,64],[24146,2,64],[24168,2,64],[24169,2,64],[24170,2,64],[24171,2,64],[24194,2,64],[24195,2,64],[24196,2,64],[24197,2,64],[24220,2,64],[24221,2,64],[24222,2,64],[24223,2,64],[24234,2,64],[24235,2,64],[24236,2,64],[24237,2,64],[24248,2,64],[24249,2,64],[24250,2,64],[24251,2,64],[33675,2,64],[33676,2,64],[33677,2,64],[33678,2,64],[33982,2,64],[33983,2,64],[33984,2,64],[33985,2,64]],"2c-0.000013":[[10575,2,64],[31094,2,64]],"2c-0.000014":[[32423,2,64],[32431,2,64]],"2c-1.468600":[[31108,2,64]],"2c-1.486750":[[31075,2,64]],"2c-1.502200":[[541,2,64]],"2c-1.502250":[[11799,2,64]],"2c-1.530850":[[27923,2,64]],"2c-1.536700":[[31127,2,64]],"2c-1.540350":[[31117,2,64]],"2c10":[[31117,2,64]],"2c10.92":[[27923,2,64]],"2c11":[[541,2,64],[11799,2,64],[31075,2,64],[31108,2,64],[31127,2,64]],"2c11.33":[[10575,2,64]],"2c14.95":[[31094,2,64]],"2c16.69":[[32431,2,64]],"2c16.79":[[32423,2,64]],"2c208827.253075841":[[26540,2,64]],"2c209247.552766306":[[26547,2,64]],"2c210048.933373493":[[26555,2,64]],"2c228144.813481694":[[26549,2,64],[26552,2,64],[26558,2,64],[26561,2,64],[26564,2,64],[26567,2,64],[26570,2,64],[26573,2,64],[26576,2,64],[26579,2,64],[26582,2,64],[26585,2,64],[26588,2,64],[26591,2,64]],"2c314898.070620154":[[26549,2,64],[26552,2,64],[26558,2,64],[26561,2,64],[26564,2,64],[26567,2,64],[26570,2,64],[26573,2,64],[26576,2,64],[26579,2,64],[26582,2,64],[26585,2,64],[26588,2,64],[26591,2,64]],"2c319515.518889336":[[26547,2,64]],"2c327564.604862443":[[26555,2,64]],"2c328534.607202161":[[26540,2,64]],"2c330262.399230419":[[26555,2,64]],"2c331695.258928813":[[26547,2,64]],"2c333525.068848858":[[26540,2,64]],"2c334022.66653137":[[26549,2,64],[26552,2,64],[26558,2,64],[26561,2,64],[26564,2,64],[26567,2,64],[26570,2,64],[26573,2,64],[26576,2,64],[26579,2,64],[26582,2,64],[26585,2,64],[26588,2,64],[26591,2,64]],"2c38edfc12ad4fce9e9c94fe0a436900":[[19831,2,64],[19832,2,64],[19833,2,64],[19834,2,64]],"2c62fc06d99f4e6e80d9c4d2d014d9d2":[[36035,2,64],[36036,2,64],[36037,2,64],[36038,2,64]],"2c77d8dcb5524f44a33a0f925b1f4877":[[16643,2,64],[16644,2,64],[16645,2,64],[16646,2,64]],"2c8a3c2bac514752ae2e9066ca5d8b52":[[26939,2,64],[26940,2,64],[26941,2,64],[26942,2,64],[26943,2,64],[26944,2,64],[26945,2,64],[26946,2,64],[26947,2,64]],"2c8d1e9501504d8881d2c16cede46d80":[[26032,2,64],[26033,2,64],[26034,2,64],[26035,2,64]],"2cbb55663abd4490a5cfb100dfa300e6":[[6503,2,64],[6504,2,64],[6505,2,64],[6506,2,64],[6507,2,64],[6508,2,64],[6509,2,64],[6510,2,64],[6511,2,64]],"2ced9a3a2462432a92c31226e3cd3aa5":[[23410,2,64],[23411,2,64],[23412,2,64],[23413,2,64],[23414,2,64],[23415,2,64],[23416,2,64],[23417,2,64],[23418,2,64]]}}
